<?xml version="1.0" encoding="UTF-8"?>
<project-private xmlns="http://www.netbeans.org/ns/project-private/1">
    <editor-bookmarks xmlns="http://www.netbeans.org/ns/editor-bookmarks/2" lastBookmarkId="0"/>
    <open-files xmlns="http://www.netbeans.org/ns/projectui-open-files/2">
        <group>
            <file>file:/C:/Users/jaido/OneDrive/Documents/NetBeansProjects/ProgOneBExamQTwoT/src/progonebexamqtwot/ProgOneBExamQTwoT.java</file>
            <file>file:/C:/Users/jaido/OneDrive/Documents/NetBeansProjects/ProgOneBExamQTwoT/test/EstateAgentTest.java</file>
            <file>file:/C:/Users/jaido/OneDrive/Documents/NetBeansProjects/ProgOneBExamQTwoT/src/progonebexamqtwot/Data.java</file>
            <file>file:/C:/Users/jaido/OneDrive/Documents/NetBeansProjects/ProgOneBExamQTwoT/src/progonebexamqtwot/EstateAgent.java</file>
            <file>file:/C:/Users/jaido/OneDrive/Documents/NetBeansProjects/ProgOneBExamQTwoT/src/progonebexamqtwot/EstateAgentApp.java</file>
            <file>file:/C:/Users/jaido/OneDrive/Documents/NetBeansProjects/ProgOneBExamQTwoT/src/progonebexamqtwot/IEstateAgent.java</file>
        </group>
    </open-files>
</project-private>
