<?xml version="1.0" encoding="UTF-8"?>
<project-private xmlns="http://www.netbeans.org/ns/project-private/1">
    <editor-bookmarks xmlns="http://www.netbeans.org/ns/editor-bookmarks/2" lastBookmarkId="0"/>
    <open-files xmlns="http://www.netbeans.org/ns/projectui-open-files/2">
        <group>
            <file>file:/C:/Users/jaido/OneDrive/Documents/NetBeansProjects/ProgOneBExam/src/progonebexam/IEstateAgent.java</file>
            <file>file:/C:/Users/jaido/OneDrive/Documents/NetBeansProjects/ProgOneBExam/src/progonebexam/EstateAgent.java</file>
            <file>file:/C:/Users/jaido/OneDrive/Documents/NetBeansProjects/ProgOneBExam/src/progonebexam/ProgOneBExam.java</file>
            <file>file:/C:/Users/jaido/OneDrive/Documents/NetBeansProjects/ProgOneBExam/test/EstateAgentTest.java</file>
        </group>
    </open-files>
</project-private>
